idActionType,actionTypeName,description,timeCreated
1,AddCourse,Thêm một khóa học mới,2025-03-29 14:32:06
2,AddLesson,Thêm một bài học mới,2025-03-29 14:32:06
3,DeleteCourse,Xóa một khóa học,2025-03-29 14:32:06
4,DeleteLesson,Xóa một bài học,2025-03-29 14:32:06
5,EditCourse,Sửa thông tin khóa học,2025-03-29 14:32:06
6,EditLesson,Sửa thông tin bài học,2025-03-29 14:32:06
7,AddFollow,Thêm lượt theo dõi,2025-03-29 14:32:06
8,AddComment,Thêm bình luận,2025-03-29 14:32:06
9,AddFavorite,Thêm lượt yêu thích,2025-03-29 14:32:06
10,AddShared,Thêm lượt chia sẻ,2025-03-29 14:32:06
11,AddSaved,Thêm lượt lưu,2025-03-29 14:32:06