idLesson,idCourse,idCopyrightType,idStatusType,lessonName,videoAddress,description,quantityView,quantityComment,quantityFavorite,quantityShared,quantitySaved,timeCreated
4,6,1,1,Bài học 1,https://lesson2003.s3.ap-southeast-1.amazonaws.com/courses/6/lessons/bai-hoc-1-67f8f30a5081b.mkv,Mô tả bài học,48,0,5,0,0,2025-04-11 17:46:41
5,6,1,1,Bài học 2,https://lesson2003.s3.ap-southeast-1.amazonaws.com/courses/6/lessons/bai-hoc-2-67f8f32da7f0c.mkv,Mô tả bài học,39,0,1,0,0,2025-04-11 17:47:10
6,6,1,1,Bài học 3,https://lesson2003.s3.ap-southeast-1.amazonaws.com/courses/6/lessons/bai-hoc-3-67f8f335069f8.mkv,Mô tả bài học,32,0,2,0,0,2025-04-11 17:47:17
7,6,1,1,Bài học 3,https://lesson2003.s3.ap-southeast-1.amazonaws.com/courses/6/lessons/bai-hoc-3-67f8f5606cc49.mkv,Mô tả bài học,18,0,2,0,0,2025-04-11 17:56:33
8,6,2,1,lesson1,https://lesson2003.s3.ap-southeast-1.amazonaws.com/courses/6/lessons/lesson1-67f90033a5408.mkv,,38,0,2,0,0,2025-04-11 18:42:45
9,8,2,1,lesson4,https://lesson2003.s3.ap-southeast-1.amazonaws.com/courses/8/lessons/lesson4-67fa2a0800f64.mkv,Baif hoc thu vi,17,0,2,0,0,2025-04-12 15:53:29