id,tokenable_type,tokenable_id,name,token,abilities,last_used_at,expires_at,created_at,updated_at
1,App\Models\Account,1,auth_token,eb868fce04c3b345d403e2a26dbb6a279b511ed36d43ba193a0bb135617a9c5d,"[\"*\"]",,,2025-03-30 13:47:21,2025-03-30 13:47:21
2,App\Models\Account,1,auth_token,d5396393b743822fdfc928c09918d1253f4c905b9339a98dbf31bcde43b9a1e5,"[\"*\"]",,,2025-03-30 14:03:37,2025-03-30 14:03:37
3,App\Models\Account,1,auth_token,8227042868dc62d239199a784b646cc939fba795679bdac04256341826917386,"[\"*\"]",,,2025-03-31 04:40:16,2025-03-31 04:40:16
4,App\Models\Account,1,auth_token,1ba42434993a013b6bdb853cd97541d387ac323dc2ec1b2ffb43a8504297b2ab,"[\"*\"]",,,2025-03-31 04:41:08,2025-03-31 04:41:08
5,App\Models\Account,1,auth_token,da39357b07e9cfac7f0d97232b723667745ca6cb8d312fca6ba4db4ccac0d8e7,"[\"*\"]",,,2025-03-31 04:44:04,2025-03-31 04:44:04
6,App\Models\Account,1,auth_token,ceac627c59b05a2eeeb99c2a592f75f4343c0f78fe00acef11ec524db33928c7,"[\"*\"]",,,2025-03-31 04:47:28,2025-03-31 04:47:28
7,App\Models\Account,1,auth_token,ccbb3f8935915c10603b03cefbb231ed00b92ae8c0d358d7a7e1b1e8b096d04f,"[\"*\"]",,,2025-03-31 04:51:33,2025-03-31 04:51:33
8,App\Models\Account,1,auth_token,88ddd5f49de752ed2294699c8055de56a6d995100883325b3d0dc3e152cfc442,"[\"*\"]",,,2025-03-31 04:52:26,2025-03-31 04:52:26
9,App\Models\Account,1,auth_token,1bf65a2adf2ce8073c386230c4dff1247eb7a058d08e3f53598225e9de0936a3,"[\"*\"]",,,2025-03-31 04:53:08,2025-03-31 04:53:08
10,App\Models\Account,2,auth_token,b8dee9217fe419515c1aa156b191448a31e6faaadaa177c94f3ed3b7c5f37fd2,"[\"*\"]",,,2025-03-31 04:59:55,2025-03-31 04:59:55
11,App\Models\Account,2,auth_token,59631f54773040f0babb14e1e90eb93d0465a8d1786259bb15b22bcaf8d3b569,"[\"*\"]",,,2025-03-31 05:01:36,2025-03-31 05:01:36
12,App\Models\Account,1,auth_token,9524dec84b5fd392db74d348b04864471866b2492d4a0e7ad330f7a0a7072b94,"[\"*\"]",,,2025-03-31 05:03:03,2025-03-31 05:03:03
13,App\Models\Account,6,auth_token,56e32d54ae1d41f0a94db20b90034125a6cc4d553a3522e6df39d144999312c0,"[\"*\"]",,,2025-04-02 08:12:09,2025-04-02 08:12:09
14,App\Models\Account,6,auth_token,294dc846cdac9b94d73efad550f604b5e233a256203dbe2a7533ea880220cc46,"[\"*\"]",,,2025-04-02 08:17:11,2025-04-02 08:17:11
15,App\Models\Account,6,auth_token,d405474c87abd7d3ec74bee79a734de38a0bcda02a69c954f52dae72881db855,"[\"*\"]",,,2025-04-02 08:21:16,2025-04-02 08:21:16
16,App\Models\Account,6,auth_token,a3e4a2a438653ddeeb5a5780aed13fa3d746c8d024aa49de3bf83acf10d90a8d,"[\"*\"]",,,2025-04-02 08:37:45,2025-04-02 08:37:45
17,App\Models\Account,6,auth_token,c3f6d508bce05cdacf58ea12019c42fb5876bc883f80f933cec29a81499129bb,"[\"*\"]",,,2025-04-02 08:40:21,2025-04-02 08:40:21
18,App\Models\Account,6,auth_token,7c02f8ba5cb8ce795cf9f0d972d953aa4878c83501fe6231e60a0ead70e30d82,"[\"*\"]",,,2025-04-02 08:43:00,2025-04-02 08:43:00
19,App\Models\Account,6,auth_token,cb852a5e1d83890f71bebaa089c4278fdd3f0171cdb5d30611754e4ce457bdcd,"[\"*\"]",,,2025-04-02 08:46:44,2025-04-02 08:46:44